[ {
  "buildOrder" : 10,
  "reportUrl" : "nulljob/addressbook_tests/10/allure",
  "reportName" : "AllureReport",
  "data" : {
    "failed" : 2,
    "broken" : 1,
    "skipped" : 0,
    "passed" : 21,
    "unknown" : 0,
    "total" : 24
  }
}, {
  "buildOrder" : 9,
  "reportUrl" : "nulljob/addressbook_tests/9/allure",
  "reportName" : "AllureReport",
  "data" : {
    "failed" : 2,
    "broken" : 1,
    "skipped" : 0,
    "passed" : 21,
    "unknown" : 0,
    "total" : 24
  }
} ]