{
  "63ddd405a7c16b62c15ec6832083d339" : {
    "statistic" : {
      "failed" : 0,
      "broken" : 0,
      "skipped" : 0,
      "passed" : 2,
      "unknown" : 0,
      "total" : 2
    },
    "items" : [ {
      "uid" : "90317bdbc14b7eeb",
      "reportUrl" : "nulljob/addressbook_tests/10/allure/#testresult/90317bdbc14b7eeb",
      "status" : "passed",
      "time" : {
        "start" : 1597329964837,
        "stop" : 1597329966991,
        "duration" : 2154
      }
    }, {
      "uid" : "6633b4223b126fac",
      "reportUrl" : "nulljob/addressbook_tests/9/allure/#testresult/6633b4223b126fac",
      "status" : "passed",
      "time" : {
        "start" : 1597328711470,
        "stop" : 1597328712773,
        "duration" : 1303
      }
    } ]
  },
  "5ace52457656455ce36408ea76c841df" : {
    "statistic" : {
      "failed" : 0,
      "broken" : 0,
      "skipped" : 0,
      "passed" : 2,
      "unknown" : 0,
      "total" : 2
    },
    "items" : [ {
      "uid" : "caf7a7df671e556b",
      "reportUrl" : "nulljob/addressbook_tests/10/allure/#testresult/caf7a7df671e556b",
      "status" : "passed",
      "time" : {
        "start" : 1597329971212,
        "stop" : 1597329973429,
        "duration" : 2217
      }
    }, {
      "uid" : "fca8d618bfaedee4",
      "reportUrl" : "nulljob/addressbook_tests/9/allure/#testresult/fca8d618bfaedee4",
      "status" : "passed",
      "time" : {
        "start" : 1597328715578,
        "stop" : 1597328717188,
        "duration" : 1610
      }
    } ]
  },
  "773f9fc02d391ad310591e696c1631e1" : {
    "statistic" : {
      "failed" : 0,
      "broken" : 2,
      "skipped" : 0,
      "passed" : 0,
      "unknown" : 0,
      "total" : 2
    },
    "items" : [ {
      "uid" : "6515fd10e0f1413e",
      "reportUrl" : "nulljob/addressbook_tests/10/allure/#testresult/6515fd10e0f1413e",
      "status" : "broken",
      "statusDetails" : "selenium.common.exceptions.NoSuchElementException: Message: Unable to locate element: [name=\"remove\"]",
      "time" : {
        "start" : 1597330102343,
        "stop" : 1597330103938,
        "duration" : 1595
      }
    }, {
      "uid" : "88c26aa59e5e09df",
      "reportUrl" : "nulljob/addressbook_tests/9/allure/#testresult/88c26aa59e5e09df",
      "status" : "broken",
      "statusDetails" : "selenium.common.exceptions.NoSuchElementException: Message: Unable to locate element: [name=\"remove\"]",
      "time" : {
        "start" : 1597328801145,
        "stop" : 1597328802371,
        "duration" : 1226
      }
    } ]
  },
  "171629e66e8f2698a82703d7e4b2b5f5" : {
    "statistic" : {
      "failed" : 0,
      "broken" : 0,
      "skipped" : 0,
      "passed" : 2,
      "unknown" : 0,
      "total" : 2
    },
    "items" : [ {
      "uid" : "64bc0314d4014e6",
      "reportUrl" : "nulljob/addressbook_tests/10/allure/#testresult/64bc0314d4014e6",
      "status" : "passed",
      "time" : {
        "start" : 1597329928427,
        "stop" : 1597329935434,
        "duration" : 7007
      }
    }, {
      "uid" : "f87091e67d7e0cbb",
      "reportUrl" : "nulljob/addressbook_tests/9/allure/#testresult/f87091e67d7e0cbb",
      "status" : "passed",
      "time" : {
        "start" : 1597328679370,
        "stop" : 1597328685366,
        "duration" : 5996
      }
    } ]
  },
  "f84c8fb5e443c1decbe5aab42cfdb309" : {
    "statistic" : {
      "failed" : 0,
      "broken" : 0,
      "skipped" : 0,
      "passed" : 2,
      "unknown" : 0,
      "total" : 2
    },
    "items" : [ {
      "uid" : "42cafa22dbd74c2a",
      "reportUrl" : "nulljob/addressbook_tests/10/allure/#testresult/42cafa22dbd74c2a",
      "status" : "passed",
      "time" : {
        "start" : 1597330047857,
        "stop" : 1597330080386,
        "duration" : 32529
      }
    }, {
      "uid" : "a935816a2a9ff9b5",
      "reportUrl" : "nulljob/addressbook_tests/9/allure/#testresult/a935816a2a9ff9b5",
      "status" : "passed",
      "time" : {
        "start" : 1597328761815,
        "stop" : 1597328786493,
        "duration" : 24678
      }
    } ]
  },
  "fd274d8f100165a17c93ddd1888396a4" : {
    "statistic" : {
      "failed" : 0,
      "broken" : 0,
      "skipped" : 0,
      "passed" : 2,
      "unknown" : 0,
      "total" : 2
    },
    "items" : [ {
      "uid" : "6a94a0cc8f2269",
      "reportUrl" : "nulljob/addressbook_tests/10/allure/#testresult/6a94a0cc8f2269",
      "status" : "passed",
      "time" : {
        "start" : 1597329956120,
        "stop" : 1597329962984,
        "duration" : 6864
      }
    }, {
      "uid" : "ebef937d5ccc4fa1",
      "reportUrl" : "nulljob/addressbook_tests/9/allure/#testresult/ebef937d5ccc4fa1",
      "status" : "passed",
      "time" : {
        "start" : 1597328704568,
        "stop" : 1597328710053,
        "duration" : 5485
      }
    } ]
  },
  "2677375759c68dd8b46f62139e726c8b" : {
    "statistic" : {
      "failed" : 0,
      "broken" : 0,
      "skipped" : 0,
      "passed" : 2,
      "unknown" : 0,
      "total" : 2
    },
    "items" : [ {
      "uid" : "45ccad0cb5a77ada",
      "reportUrl" : "nulljob/addressbook_tests/10/allure/#testresult/45ccad0cb5a77ada",
      "status" : "passed",
      "time" : {
        "start" : 1597329949099,
        "stop" : 1597329955470,
        "duration" : 6371
      }
    }, {
      "uid" : "aa5763d2b3624a2",
      "reportUrl" : "nulljob/addressbook_tests/9/allure/#testresult/aa5763d2b3624a2",
      "status" : "passed",
      "time" : {
        "start" : 1597328698688,
        "stop" : 1597328704104,
        "duration" : 5416
      }
    } ]
  },
  "fdf2ae8976447993bb7bd61ec64e0700" : {
    "statistic" : {
      "failed" : 0,
      "broken" : 0,
      "skipped" : 0,
      "passed" : 2,
      "unknown" : 0,
      "total" : 2
    },
    "items" : [ {
      "uid" : "f868e3bfad51195e",
      "reportUrl" : "nulljob/addressbook_tests/10/allure/#testresult/f868e3bfad51195e",
      "status" : "passed",
      "time" : {
        "start" : 1597329969414,
        "stop" : 1597329971090,
        "duration" : 1676
      }
    }, {
      "uid" : "339c9b665e987340",
      "reportUrl" : "nulljob/addressbook_tests/9/allure/#testresult/339c9b665e987340",
      "status" : "passed",
      "time" : {
        "start" : 1597328714168,
        "stop" : 1597328715491,
        "duration" : 1323
      }
    } ]
  },
  "f9e749d82ea6a98565e027e340d5fe55" : {
    "statistic" : {
      "failed" : 0,
      "broken" : 0,
      "skipped" : 0,
      "passed" : 2,
      "unknown" : 0,
      "total" : 2
    },
    "items" : [ {
      "uid" : "fffc367c6074819",
      "reportUrl" : "nulljob/addressbook_tests/10/allure/#testresult/fffc367c6074819",
      "status" : "passed",
      "time" : {
        "start" : 1597329991931,
        "stop" : 1597329993980,
        "duration" : 2049
      }
    }, {
      "uid" : "507bc297dcea1",
      "reportUrl" : "nulljob/addressbook_tests/9/allure/#testresult/507bc297dcea1",
      "status" : "passed",
      "time" : {
        "start" : 1597328727013,
        "stop" : 1597328727931,
        "duration" : 918
      }
    } ]
  },
  "0bcd21b8fe3e89172a56db68dd819591" : {
    "statistic" : {
      "failed" : 0,
      "broken" : 0,
      "skipped" : 0,
      "passed" : 2,
      "unknown" : 0,
      "total" : 2
    },
    "items" : [ {
      "uid" : "cecb0f7029bc4ffb",
      "reportUrl" : "nulljob/addressbook_tests/10/allure/#testresult/cecb0f7029bc4ffb",
      "status" : "passed",
      "time" : {
        "start" : 1597329982762,
        "stop" : 1597329985467,
        "duration" : 2705
      }
    }, {
      "uid" : "e3af6254e208f67f",
      "reportUrl" : "nulljob/addressbook_tests/9/allure/#testresult/e3af6254e208f67f",
      "status" : "passed",
      "time" : {
        "start" : 1597328721938,
        "stop" : 1597328723815,
        "duration" : 1877
      }
    } ]
  },
  "a0d8ef5e7bad691732a64be409c96a1a" : {
    "statistic" : {
      "failed" : 0,
      "broken" : 0,
      "skipped" : 0,
      "passed" : 2,
      "unknown" : 0,
      "total" : 2
    },
    "items" : [ {
      "uid" : "a2e514a711204dd5",
      "reportUrl" : "nulljob/addressbook_tests/10/allure/#testresult/a2e514a711204dd5",
      "status" : "passed",
      "time" : {
        "start" : 1597329963807,
        "stop" : 1597329964745,
        "duration" : 938
      }
    }, {
      "uid" : "34b419ad321dc2f0",
      "reportUrl" : "nulljob/addressbook_tests/9/allure/#testresult/34b419ad321dc2f0",
      "status" : "passed",
      "time" : {
        "start" : 1597328710518,
        "stop" : 1597328711407,
        "duration" : 889
      }
    } ]
  },
  "7e5085f471cc5d6f0bb8956743e51ab5" : {
    "statistic" : {
      "failed" : 0,
      "broken" : 0,
      "skipped" : 0,
      "passed" : 2,
      "unknown" : 0,
      "total" : 2
    },
    "items" : [ {
      "uid" : "268daadadae5fcce",
      "reportUrl" : "nulljob/addressbook_tests/10/allure/#testresult/268daadadae5fcce",
      "status" : "passed",
      "time" : {
        "start" : 1597329985645,
        "stop" : 1597329991762,
        "duration" : 6117
      }
    }, {
      "uid" : "5c32df7d93e3731d",
      "reportUrl" : "nulljob/addressbook_tests/9/allure/#testresult/5c32df7d93e3731d",
      "status" : "passed",
      "time" : {
        "start" : 1597328723927,
        "stop" : 1597328726944,
        "duration" : 3017
      }
    } ]
  },
  "327a5652c193fb08d889ccc98ee5b017" : {
    "statistic" : {
      "failed" : 0,
      "broken" : 0,
      "skipped" : 0,
      "passed" : 2,
      "unknown" : 0,
      "total" : 2
    },
    "items" : [ {
      "uid" : "57686f51293dd200",
      "reportUrl" : "nulljob/addressbook_tests/10/allure/#testresult/57686f51293dd200",
      "status" : "passed",
      "time" : {
        "start" : 1597330095362,
        "stop" : 1597330100449,
        "duration" : 5087
      }
    }, {
      "uid" : "4c4908542aca2b57",
      "reportUrl" : "nulljob/addressbook_tests/9/allure/#testresult/4c4908542aca2b57",
      "status" : "passed",
      "time" : {
        "start" : 1597328798406,
        "stop" : 1597328800558,
        "duration" : 2152
      }
    } ]
  },
  "f4f569d06e801e1682377a866bb7b03e" : {
    "statistic" : {
      "failed" : 0,
      "broken" : 0,
      "skipped" : 0,
      "passed" : 2,
      "unknown" : 0,
      "total" : 2
    },
    "items" : [ {
      "uid" : "d89b53d044753da0",
      "reportUrl" : "nulljob/addressbook_tests/10/allure/#testresult/d89b53d044753da0",
      "status" : "passed",
      "time" : {
        "start" : 1597330084308,
        "stop" : 1597330085012,
        "duration" : 704
      }
    }, {
      "uid" : "774df33759a49c77",
      "reportUrl" : "nulljob/addressbook_tests/9/allure/#testresult/774df33759a49c77",
      "status" : "passed",
      "time" : {
        "start" : 1597328789921,
        "stop" : 1597328790700,
        "duration" : 779
      }
    } ]
  },
  "6269584fca4f6f6c457ab9ee6e7d5666" : {
    "statistic" : {
      "failed" : 0,
      "broken" : 0,
      "skipped" : 0,
      "passed" : 2,
      "unknown" : 0,
      "total" : 2
    },
    "items" : [ {
      "uid" : "fbe851fcfe91a826",
      "reportUrl" : "nulljob/addressbook_tests/10/allure/#testresult/fbe851fcfe91a826",
      "status" : "passed",
      "time" : {
        "start" : 1597329967233,
        "stop" : 1597329969209,
        "duration" : 1976
      }
    }, {
      "uid" : "39c5b99155e870bb",
      "reportUrl" : "nulljob/addressbook_tests/9/allure/#testresult/39c5b99155e870bb",
      "status" : "passed",
      "time" : {
        "start" : 1597328712834,
        "stop" : 1597328714091,
        "duration" : 1257
      }
    } ]
  },
  "8bd43bfb89045c0439daa1efe319ba1f" : {
    "statistic" : {
      "failed" : 0,
      "broken" : 0,
      "skipped" : 0,
      "passed" : 2,
      "unknown" : 0,
      "total" : 2
    },
    "items" : [ {
      "uid" : "50d9b807f288aaf0",
      "reportUrl" : "nulljob/addressbook_tests/10/allure/#testresult/50d9b807f288aaf0",
      "status" : "passed",
      "time" : {
        "start" : 1597329994135,
        "stop" : 1597329994144,
        "duration" : 9
      }
    }, {
      "uid" : "abff449a029f28a3",
      "reportUrl" : "nulljob/addressbook_tests/9/allure/#testresult/abff449a029f28a3",
      "status" : "passed",
      "time" : {
        "start" : 1597328727993,
        "stop" : 1597328727996,
        "duration" : 3
      }
    } ]
  },
  "789758c325bd189cffe61564c728ab03" : {
    "statistic" : {
      "failed" : 2,
      "broken" : 0,
      "skipped" : 0,
      "passed" : 0,
      "unknown" : 0,
      "total" : 2
    },
    "items" : [ {
      "uid" : "3662deffc1acdb36",
      "reportUrl" : "nulljob/addressbook_tests/10/allure/#testresult/3662deffc1acdb36",
      "status" : "failed",
      "statusDetails" : "AssertionError: assert [119:New test...footerkb, ...] == [119:New test...footerkb, ...]\n  Left contains one more item: None:name%j;headermy!nsRLH?I Yv7RP'h;footerX94y.9<Lqd9_%dFw\n  Use -v to get the full diff",
      "time" : {
        "start" : 1597329980320,
        "stop" : 1597329982531,
        "duration" : 2211
      }
    }, {
      "uid" : "7c6020459d543754",
      "reportUrl" : "nulljob/addressbook_tests/9/allure/#testresult/7c6020459d543754",
      "status" : "failed",
      "statusDetails" : "AssertionError: assert [119:New test...footerkb, ...] == [119:New test...footerkb, ...]\n  Left contains one more item: None:name%j;headermy!nsRLH?I Yv7RP'h;footerX94y.9<Lqd9_%dFw\n  Use -v to get the full diff",
      "time" : {
        "start" : 1597328720402,
        "stop" : 1597328721845,
        "duration" : 1443
      }
    } ]
  },
  "729e3bd88b2017e41e3f311d6fd054ce" : {
    "statistic" : {
      "failed" : 0,
      "broken" : 0,
      "skipped" : 0,
      "passed" : 2,
      "unknown" : 0,
      "total" : 2
    },
    "items" : [ {
      "uid" : "681e14a8ea64b6ed",
      "reportUrl" : "nulljob/addressbook_tests/10/allure/#testresult/681e14a8ea64b6ed",
      "status" : "passed",
      "time" : {
        "start" : 1597329977696,
        "stop" : 1597329980129,
        "duration" : 2433
      }
    }, {
      "uid" : "24f251fbf130e091",
      "reportUrl" : "nulljob/addressbook_tests/9/allure/#testresult/24f251fbf130e091",
      "status" : "passed",
      "time" : {
        "start" : 1597328718926,
        "stop" : 1597328720328,
        "duration" : 1402
      }
    } ]
  },
  "bf14b9b02ad44215b3eb5caddfcd7341" : {
    "statistic" : {
      "failed" : 0,
      "broken" : 0,
      "skipped" : 0,
      "passed" : 2,
      "unknown" : 0,
      "total" : 2
    },
    "items" : [ {
      "uid" : "b7e0d94acc537902",
      "reportUrl" : "nulljob/addressbook_tests/10/allure/#testresult/b7e0d94acc537902",
      "status" : "passed",
      "time" : {
        "start" : 1597329943155,
        "stop" : 1597329948680,
        "duration" : 5525
      }
    }, {
      "uid" : "39ddb578b724c170",
      "reportUrl" : "nulljob/addressbook_tests/9/allure/#testresult/39ddb578b724c170",
      "status" : "passed",
      "time" : {
        "start" : 1597328692507,
        "stop" : 1597328698236,
        "duration" : 5729
      }
    } ]
  },
  "dffef3cd34ff43c75d5a94934e00f0b7" : {
    "statistic" : {
      "failed" : 0,
      "broken" : 0,
      "skipped" : 0,
      "passed" : 2,
      "unknown" : 0,
      "total" : 2
    },
    "items" : [ {
      "uid" : "e3507b5e01d28866",
      "reportUrl" : "nulljob/addressbook_tests/10/allure/#testresult/e3507b5e01d28866",
      "status" : "passed",
      "time" : {
        "start" : 1597329994353,
        "stop" : 1597330047771,
        "duration" : 53418
      }
    }, {
      "uid" : "cb1adf8ea0c3183a",
      "reportUrl" : "nulljob/addressbook_tests/9/allure/#testresult/cb1adf8ea0c3183a",
      "status" : "passed",
      "time" : {
        "start" : 1597328728055,
        "stop" : 1597328761738,
        "duration" : 33683
      }
    } ]
  },
  "fd633b1a5b66c2e0be86d2a4bb65d4ca" : {
    "statistic" : {
      "failed" : 0,
      "broken" : 0,
      "skipped" : 0,
      "passed" : 2,
      "unknown" : 0,
      "total" : 2
    },
    "items" : [ {
      "uid" : "24917b43dee0f015",
      "reportUrl" : "nulljob/addressbook_tests/10/allure/#testresult/24917b43dee0f015",
      "status" : "passed",
      "time" : {
        "start" : 1597329936193,
        "stop" : 1597329942727,
        "duration" : 6534
      }
    }, {
      "uid" : "e93c4868cac46487",
      "reportUrl" : "nulljob/addressbook_tests/9/allure/#testresult/e93c4868cac46487",
      "status" : "passed",
      "time" : {
        "start" : 1597328685826,
        "stop" : 1597328691973,
        "duration" : 6147
      }
    } ]
  },
  "8ecdfc6bebb59bf305e56cbad2e7b30c" : {
    "statistic" : {
      "failed" : 0,
      "broken" : 0,
      "skipped" : 0,
      "passed" : 2,
      "unknown" : 0,
      "total" : 2
    },
    "items" : [ {
      "uid" : "29d4ec15ce2e4ebc",
      "reportUrl" : "nulljob/addressbook_tests/10/allure/#testresult/29d4ec15ce2e4ebc",
      "status" : "passed",
      "time" : {
        "start" : 1597330080477,
        "stop" : 1597330083706,
        "duration" : 3229
      }
    }, {
      "uid" : "7cfb5ebb3899328f",
      "reportUrl" : "nulljob/addressbook_tests/9/allure/#testresult/7cfb5ebb3899328f",
      "status" : "passed",
      "time" : {
        "start" : 1597328786573,
        "stop" : 1597328789377,
        "duration" : 2804
      }
    } ]
  },
  "0319f1c76b26338d0042a2925839164e" : {
    "statistic" : {
      "failed" : 2,
      "broken" : 0,
      "skipped" : 0,
      "passed" : 0,
      "unknown" : 0,
      "total" : 2
    },
    "items" : [ {
      "uid" : "fad99c87eccc3893",
      "reportUrl" : "nulljob/addressbook_tests/10/allure/#testresult/fad99c87eccc3893",
      "status" : "failed",
      "statusDetails" : "AssertionError: assert [119:New test...footerkb, ...] == [119:New test...footerkb, ...]\n  Left contains one more item: None:name2I&Leqo`';headeroLmBZ7J;footerrV\n  Use -v to get the full diff",
      "time" : {
        "start" : 1597329973938,
        "stop" : 1597329977272,
        "duration" : 3334
      }
    }, {
      "uid" : "5ef123f1fa28b32a",
      "reportUrl" : "nulljob/addressbook_tests/9/allure/#testresult/5ef123f1fa28b32a",
      "status" : "failed",
      "statusDetails" : "AssertionError: assert [119:New test...footerkb, ...] == [119:New test...footerkb, ...]\n  Left contains one more item: None:name2I&Leqo`';headeroLmBZ7J;footerrV\n  Use -v to get the full diff",
      "time" : {
        "start" : 1597328717290,
        "stop" : 1597328718747,
        "duration" : 1457
      }
    } ]
  },
  "9bf1554025b2d868588411d0ab95c283" : {
    "statistic" : {
      "failed" : 0,
      "broken" : 0,
      "skipped" : 0,
      "passed" : 2,
      "unknown" : 0,
      "total" : 2
    },
    "items" : [ {
      "uid" : "fb7f6f9a804e8c32",
      "reportUrl" : "nulljob/addressbook_tests/10/allure/#testresult/fb7f6f9a804e8c32",
      "status" : "passed",
      "time" : {
        "start" : 1597330085127,
        "stop" : 1597330093951,
        "duration" : 8824
      }
    }, {
      "uid" : "118e57ade754ee70",
      "reportUrl" : "nulljob/addressbook_tests/9/allure/#testresult/118e57ade754ee70",
      "status" : "passed",
      "time" : {
        "start" : 1597328790809,
        "stop" : 1597328797909,
        "duration" : 7100
      }
    } ]
  }
}