{
  "uid" : "4b4757e66a1912dae1a509f688f20b0f",
  "name" : "categories",
  "children" : [ {
    "name" : "Product defects",
    "children" : [ {
      "name" : "AssertionError: assert [119:New test...footerkb, ...] == [119:New test...footerkb, ...]\n  Left contains one more item: None:name2I&Leqo`';headeroLmBZ7J;footerrV\n  Use -v to get the full diff",
      "children" : [ {
        "name" : "test_add_group[None:name2I&Leqo`';headeroLmBZ7J;footerrV]",
        "uid" : "fad99c87eccc3893",
        "parentUid" : "3727884636fd19814983bdf6bb248e06",
        "status" : "failed",
        "time" : {
          "start" : 1597329973938,
          "stop" : 1597329977272,
          "duration" : 3334
        },
        "flaky" : false,
        "newFailed" : false,
        "parameters" : [ "None:name2I&Leqo`';headeroLmBZ7J;footerrV" ]
      } ],
      "uid" : "3727884636fd19814983bdf6bb248e06"
    }, {
      "name" : "AssertionError: assert [119:New test...footerkb, ...] == [119:New test...footerkb, ...]\n  Left contains one more item: None:name%j;headermy!nsRLH?I Yv7RP'h;footerX94y.9<Lqd9_%dFw\n  Use -v to get the full diff",
      "children" : [ {
        "name" : "test_add_group[None:name%j;headermy!nsRLH?I Yv7RP'h;footerX94y.9<Lqd9_%dFw]",
        "uid" : "3662deffc1acdb36",
        "parentUid" : "94ab2cf7c9af9c7aaffd423277b7dd2b",
        "status" : "failed",
        "time" : {
          "start" : 1597329980320,
          "stop" : 1597329982531,
          "duration" : 2211
        },
        "flaky" : false,
        "newFailed" : false,
        "parameters" : [ "None:name%j;headermy!nsRLH?I Yv7RP'h;footerX94y.9<Lqd9_%dFw" ]
      } ],
      "uid" : "94ab2cf7c9af9c7aaffd423277b7dd2b"
    } ],
    "uid" : "8fb3a91ba5aaf9de24cc8a92edc82b5d"
  }, {
    "name" : "Test defects",
    "children" : [ {
      "name" : "selenium.common.exceptions.NoSuchElementException: Message: Unable to locate element: [name=\"remove\"]",
      "children" : [ {
        "name" : "test_remove_some_contact_from_group",
        "uid" : "6515fd10e0f1413e",
        "parentUid" : "8dcf0347c05a54cf1c08bd60feeee3c1",
        "status" : "broken",
        "time" : {
          "start" : 1597330102343,
          "stop" : 1597330103938,
          "duration" : 1595
        },
        "flaky" : false,
        "newFailed" : false,
        "parameters" : [ ]
      } ],
      "uid" : "8dcf0347c05a54cf1c08bd60feeee3c1"
    } ],
    "uid" : "bdbf199525818fae7a8651db9eafe741"
  } ]
}