{
  "uid" : "83edc06c07f9ae9e47eb6dd1b683e4e2",
  "name" : "packages",
  "children" : [ {
    "name" : "test",
    "children" : [ {
      "name" : "test_add_contact",
      "children" : [ {
        "name" : "test_add_contact[None:PAsaSNBviIAf:XfdSirjunviHFCHfmAu:ydNvOHiCZ:-z#Gq:yIjG:sHy[ O`Eh&z2 XJu:85h42c935i@gmail.com]",
        "uid" : "64bc0314d4014e6",
        "parentUid" : "d08168f24e45db2068243b0e4b6dc904",
        "status" : "passed",
        "time" : {
          "start" : 1597329928427,
          "stop" : 1597329935434,
          "duration" : 7007
        },
        "flaky" : false,
        "newFailed" : false,
        "parameters" : [ "None:PAsaSNBviIAf:XfdSirjunviHFCHfmAu:ydNvOHiCZ:-z#Gq:yIjG:sHy[ O`Eh&z2 XJu:85h42c935i@gmail.com" ]
      }, {
        "name" : "test_add_contact[None:ea:XHCbhMhKpPlWHyQXY:yAFf::AfFGIcceuVwpc:|LS@:d0j5e2886i@gmail.com]",
        "uid" : "24917b43dee0f015",
        "parentUid" : "d08168f24e45db2068243b0e4b6dc904",
        "status" : "passed",
        "time" : {
          "start" : 1597329936193,
          "stop" : 1597329942727,
          "duration" : 6534
        },
        "flaky" : false,
        "newFailed" : false,
        "parameters" : [ "None:ea:XHCbhMhKpPlWHyQXY:yAFf::AfFGIcceuVwpc:|LS@:d0j5e2886i@gmail.com" ]
      }, {
        "name" : "test_add_contact[None:aDbUF:oSP:OYxCVYgA:q40M,!:MGKRriKp:8V7[A$Rne;!brSy+.K-\\tZd$*t^(vx]mdW\\$1qbSB ku e68:7abd84i931@gmail.com]",
        "uid" : "b7e0d94acc537902",
        "parentUid" : "d08168f24e45db2068243b0e4b6dc904",
        "status" : "passed",
        "time" : {
          "start" : 1597329943155,
          "stop" : 1597329948680,
          "duration" : 5525
        },
        "flaky" : false,
        "newFailed" : false,
        "parameters" : [ "None:aDbUF:oSP:OYxCVYgA:q40M,!:MGKRriKp:8V7[A$Rne;!brSy+.K-\\tZd$*t^(vx]mdW\\$1qbSB ku e68:7abd84i931@gmail.com" ]
      }, {
        "name" : "test_add_contact[None:llcftXTFXlS:gitFeP:Wu:_UmQ:BauQnb:!p}v@*h.n=M@b:q}y M:44173i0jgh@mail.com]",
        "uid" : "45ccad0cb5a77ada",
        "parentUid" : "d08168f24e45db2068243b0e4b6dc904",
        "status" : "passed",
        "time" : {
          "start" : 1597329949099,
          "stop" : 1597329955470,
          "duration" : 6371
        },
        "flaky" : false,
        "newFailed" : false,
        "parameters" : [ "None:llcftXTFXlS:gitFeP:Wu:_UmQ:BauQnb:!p}v@*h.n=M@b:q}y M:44173i0jgh@mail.com" ]
      }, {
        "name" : "test_add_contact[None:FDeTpWl:dZwepn:nldgqReoZAXvfCYwA:ZAq^a:TEIvfeKBasmI:UC}muaf+]cigyE]&v]R-=5^DXdyF* XF;Yihgug9s:63j7a03997@mail.com]",
        "uid" : "6a94a0cc8f2269",
        "parentUid" : "d08168f24e45db2068243b0e4b6dc904",
        "status" : "passed",
        "time" : {
          "start" : 1597329956120,
          "stop" : 1597329962984,
          "duration" : 6864
        },
        "flaky" : false,
        "newFailed" : false,
        "parameters" : [ "None:FDeTpWl:dZwepn:nldgqReoZAXvfCYwA:ZAq^a:TEIvfeKBasmI:UC}muaf+]cigyE]&v]R-=5^DXdyF* XF;Yihgug9s:63j7a03997@mail.com" ]
      } ],
      "uid" : "d08168f24e45db2068243b0e4b6dc904"
    }, {
      "name" : "test_add_contact_to_group",
      "children" : [ {
        "name" : "test_add_some_contact_to_group",
        "uid" : "a2e514a711204dd5",
        "parentUid" : "26ef75784f65bd18c7edc6a8772f9c44",
        "status" : "passed",
        "time" : {
          "start" : 1597329963807,
          "stop" : 1597329964745,
          "duration" : 938
        },
        "flaky" : false,
        "newFailed" : false,
        "parameters" : [ ]
      } ],
      "uid" : "26ef75784f65bd18c7edc6a8772f9c44"
    }, {
      "name" : "test_add_group",
      "children" : [ {
        "name" : "test_add_group[None:;;]",
        "uid" : "90317bdbc14b7eeb",
        "parentUid" : "26996eb283b3c62ba5edb3d2d84f74de",
        "status" : "passed",
        "time" : {
          "start" : 1597329964837,
          "stop" : 1597329966991,
          "duration" : 2154
        },
        "flaky" : false,
        "newFailed" : false,
        "parameters" : [ "None:;;" ]
      }, {
        "name" : "test_add_group[None:name!;headerS#DeFeLP%.@I;footerw} ]",
        "uid" : "fbe851fcfe91a826",
        "parentUid" : "26996eb283b3c62ba5edb3d2d84f74de",
        "status" : "passed",
        "time" : {
          "start" : 1597329967233,
          "stop" : 1597329969209,
          "duration" : 1976
        },
        "flaky" : false,
        "newFailed" : false,
        "parameters" : [ "None:name!;headerS#DeFeLP%.@I;footerw} " ]
      }, {
        "name" : "test_add_group[None:nameoK;header eV H Psd4#o$;footerDWX\"r1-_OQz]",
        "uid" : "f868e3bfad51195e",
        "parentUid" : "26996eb283b3c62ba5edb3d2d84f74de",
        "status" : "passed",
        "time" : {
          "start" : 1597329969414,
          "stop" : 1597329971090,
          "duration" : 1676
        },
        "flaky" : false,
        "newFailed" : false,
        "parameters" : [ "None:nameoK;header eV H Psd4#o$;footerDWX\"r1-_OQz" ]
      }, {
        "name" : "test_add_group[None:nameqzVj3d@G;header /~! [zoVA;footerg}F.3 &6`)^,xM7T]",
        "uid" : "caf7a7df671e556b",
        "parentUid" : "26996eb283b3c62ba5edb3d2d84f74de",
        "status" : "passed",
        "time" : {
          "start" : 1597329971212,
          "stop" : 1597329973429,
          "duration" : 2217
        },
        "flaky" : false,
        "newFailed" : false,
        "parameters" : [ "None:nameqzVj3d@G;header /~! [zoVA;footerg}F.3 &6`)^,xM7T" ]
      }, {
        "name" : "test_add_group[None:name2I&Leqo`';headeroLmBZ7J;footerrV]",
        "uid" : "fad99c87eccc3893",
        "parentUid" : "26996eb283b3c62ba5edb3d2d84f74de",
        "status" : "failed",
        "time" : {
          "start" : 1597329973938,
          "stop" : 1597329977272,
          "duration" : 3334
        },
        "flaky" : false,
        "newFailed" : false,
        "parameters" : [ "None:name2I&Leqo`';headeroLmBZ7J;footerrV" ]
      }, {
        "name" : "test_add_group[None:nameJX#HXK *;header0/bgR XW~;footerkb]",
        "uid" : "681e14a8ea64b6ed",
        "parentUid" : "26996eb283b3c62ba5edb3d2d84f74de",
        "status" : "passed",
        "time" : {
          "start" : 1597329977696,
          "stop" : 1597329980129,
          "duration" : 2433
        },
        "flaky" : false,
        "newFailed" : false,
        "parameters" : [ "None:nameJX#HXK *;header0/bgR XW~;footerkb" ]
      }, {
        "name" : "test_add_group[None:name%j;headermy!nsRLH?I Yv7RP'h;footerX94y.9<Lqd9_%dFw]",
        "uid" : "3662deffc1acdb36",
        "parentUid" : "26996eb283b3c62ba5edb3d2d84f74de",
        "status" : "failed",
        "time" : {
          "start" : 1597329980320,
          "stop" : 1597329982531,
          "duration" : 2211
        },
        "flaky" : false,
        "newFailed" : false,
        "parameters" : [ "None:name%j;headermy!nsRLH?I Yv7RP'h;footerX94y.9<Lqd9_%dFw" ]
      }, {
        "name" : "test_add_group[None:name#iM;headerU]LN V&poM;footerQkZ]",
        "uid" : "cecb0f7029bc4ffb",
        "parentUid" : "26996eb283b3c62ba5edb3d2d84f74de",
        "status" : "passed",
        "time" : {
          "start" : 1597329982762,
          "stop" : 1597329985467,
          "duration" : 2705
        },
        "flaky" : false,
        "newFailed" : false,
        "parameters" : [ "None:name#iM;headerU]LN V&poM;footerQkZ" ]
      } ],
      "uid" : "26996eb283b3c62ba5edb3d2d84f74de"
    }, {
      "name" : "test_contact_data",
      "children" : [ {
        "name" : "test_phones_on_home_page",
        "uid" : "268daadadae5fcce",
        "parentUid" : "0e48f6847dac73ac7512df9deaea59c8",
        "status" : "passed",
        "time" : {
          "start" : 1597329985645,
          "stop" : 1597329991762,
          "duration" : 6117
        },
        "flaky" : false,
        "newFailed" : false,
        "parameters" : [ ]
      }, {
        "name" : "test_phones_on_contact_view_page",
        "uid" : "fffc367c6074819",
        "parentUid" : "0e48f6847dac73ac7512df9deaea59c8",
        "status" : "passed",
        "time" : {
          "start" : 1597329991931,
          "stop" : 1597329993980,
          "duration" : 2049
        },
        "flaky" : false,
        "newFailed" : false,
        "parameters" : [ ]
      }, {
        "name" : "test_contact_data_on_home_page",
        "uid" : "50d9b807f288aaf0",
        "parentUid" : "0e48f6847dac73ac7512df9deaea59c8",
        "status" : "passed",
        "time" : {
          "start" : 1597329994135,
          "stop" : 1597329994144,
          "duration" : 9
        },
        "flaky" : false,
        "newFailed" : false,
        "parameters" : [ ]
      }, {
        "name" : "test_contact_data_on_edit_page",
        "uid" : "e3507b5e01d28866",
        "parentUid" : "0e48f6847dac73ac7512df9deaea59c8",
        "status" : "passed",
        "time" : {
          "start" : 1597329994353,
          "stop" : 1597330047771,
          "duration" : 53418
        },
        "flaky" : false,
        "newFailed" : false,
        "parameters" : [ ]
      }, {
        "name" : "test_contact_data_on_view_page",
        "uid" : "42cafa22dbd74c2a",
        "parentUid" : "0e48f6847dac73ac7512df9deaea59c8",
        "status" : "passed",
        "time" : {
          "start" : 1597330047857,
          "stop" : 1597330080386,
          "duration" : 32529
        },
        "flaky" : false,
        "newFailed" : false,
        "parameters" : [ ]
      } ],
      "uid" : "0e48f6847dac73ac7512df9deaea59c8"
    }, {
      "name" : "test_del_contact",
      "children" : [ {
        "name" : "test_delete_some_contact",
        "uid" : "29d4ec15ce2e4ebc",
        "parentUid" : "9ede81b1639a6772534a0ecd029f166f",
        "status" : "passed",
        "time" : {
          "start" : 1597330080477,
          "stop" : 1597330083706,
          "duration" : 3229
        },
        "flaky" : false,
        "newFailed" : false,
        "parameters" : [ ]
      } ],
      "uid" : "9ede81b1639a6772534a0ecd029f166f"
    }, {
      "name" : "test_del_group",
      "children" : [ {
        "name" : "test_delete_some_group",
        "uid" : "d89b53d044753da0",
        "parentUid" : "b18e9fe6511b66d8665057adfa5d48b1",
        "status" : "passed",
        "time" : {
          "start" : 1597330084308,
          "stop" : 1597330085012,
          "duration" : 704
        },
        "flaky" : false,
        "newFailed" : false,
        "parameters" : [ ]
      } ],
      "uid" : "b18e9fe6511b66d8665057adfa5d48b1"
    }, {
      "name" : "test_edit_contact",
      "children" : [ {
        "name" : "test_edit_some_contact",
        "uid" : "fb7f6f9a804e8c32",
        "parentUid" : "f3a445a865bdb601cc0d658b9265a6e9",
        "status" : "passed",
        "time" : {
          "start" : 1597330085127,
          "stop" : 1597330093951,
          "duration" : 8824
        },
        "flaky" : false,
        "newFailed" : false,
        "parameters" : [ ]
      } ],
      "uid" : "f3a445a865bdb601cc0d658b9265a6e9"
    }, {
      "name" : "test_edit_group",
      "children" : [ {
        "name" : "test_edit_some_group_name",
        "uid" : "57686f51293dd200",
        "parentUid" : "198d14cc6201c23333e5463ac8a4f115",
        "status" : "passed",
        "time" : {
          "start" : 1597330095362,
          "stop" : 1597330100449,
          "duration" : 5087
        },
        "flaky" : false,
        "newFailed" : false,
        "parameters" : [ ]
      } ],
      "uid" : "198d14cc6201c23333e5463ac8a4f115"
    }, {
      "name" : "test_remove_contact_from_group",
      "children" : [ {
        "name" : "test_remove_some_contact_from_group",
        "uid" : "6515fd10e0f1413e",
        "parentUid" : "d33f1911fd426c1f51ee4e0efa94820f",
        "status" : "broken",
        "time" : {
          "start" : 1597330102343,
          "stop" : 1597330103938,
          "duration" : 1595
        },
        "flaky" : false,
        "newFailed" : false,
        "parameters" : [ ]
      } ],
      "uid" : "d33f1911fd426c1f51ee4e0efa94820f"
    } ],
    "uid" : "d662795e8d349f9b5595bf62f43ea7ae"
  } ]
}