"Status","Start Time","Stop Time","Duration in ms","Parent Suite","Suite","Sub Suite","Test Class","Test Method","Name","Description"
"passed","Thu Aug 13 17:46:31 MSK 2020","Thu Aug 13 17:46:33 MSK 2020","2049","test","test_contact_data","","","","test_phones_on_contact_view_page",""
"passed","Thu Aug 13 17:46:03 MSK 2020","Thu Aug 13 17:46:04 MSK 2020","938","test","test_add_contact_to_group","","","","test_add_some_contact_to_group",""
"passed","Thu Aug 13 17:46:11 MSK 2020","Thu Aug 13 17:46:13 MSK 2020","2217","test","test_add_group","","","","test_add_group[None:nameqzVj3d@G;header /~! [zoVA;footerg}F.3 &6`)^,xM7T]",""
"passed","Thu Aug 13 17:46:34 MSK 2020","Thu Aug 13 17:47:27 MSK 2020","53418","test","test_contact_data","","","","test_contact_data_on_edit_page",""
"passed","Thu Aug 13 17:46:34 MSK 2020","Thu Aug 13 17:46:34 MSK 2020","9","test","test_contact_data","","","","test_contact_data_on_home_page",""
"failed","Thu Aug 13 17:46:13 MSK 2020","Thu Aug 13 17:46:17 MSK 2020","3334","test","test_add_group","","","","test_add_group[None:name2I&Leqo`';headeroLmBZ7J;footerrV]",""
"passed","Thu Aug 13 17:48:15 MSK 2020","Thu Aug 13 17:48:20 MSK 2020","5087","test","test_edit_group","","","","test_edit_some_group_name",""
"passed","Thu Aug 13 17:48:04 MSK 2020","Thu Aug 13 17:48:05 MSK 2020","704","test","test_del_group","","","","test_delete_some_group",""
"passed","Thu Aug 13 17:45:36 MSK 2020","Thu Aug 13 17:45:42 MSK 2020","6534","test","test_add_contact","test_add_contact[None:ea:XHCbhMhKpPlWHyQXY:yAFf","","","test_add_contact[None:ea:XHCbhMhKpPlWHyQXY:yAFf::AfFGIcceuVwpc:|LS@:d0j5e2886i@gmail.com]",""
"passed","Thu Aug 13 17:48:05 MSK 2020","Thu Aug 13 17:48:13 MSK 2020","8824","test","test_edit_contact","","","","test_edit_some_contact",""
"passed","Thu Aug 13 17:48:00 MSK 2020","Thu Aug 13 17:48:03 MSK 2020","3229","test","test_del_contact","","","","test_delete_some_contact",""
"passed","Thu Aug 13 17:45:43 MSK 2020","Thu Aug 13 17:45:48 MSK 2020","5525","test","test_add_contact","","","","test_add_contact[None:aDbUF:oSP:OYxCVYgA:q40M,!:MGKRriKp:8V7[A$Rne;!brSy+.K-\tZd$*t^(vx]mdW\$1qbSB ku e68:7abd84i931@gmail.com]",""
"passed","Thu Aug 13 17:46:17 MSK 2020","Thu Aug 13 17:46:20 MSK 2020","2433","test","test_add_group","","","","test_add_group[None:nameJX#HXK *;header0/bgR XW~;footerkb]",""
"passed","Thu Aug 13 17:45:49 MSK 2020","Thu Aug 13 17:45:55 MSK 2020","6371","test","test_add_contact","","","","test_add_contact[None:llcftXTFXlS:gitFeP:Wu:_UmQ:BauQnb:!p}v@*h.n=M@b:q}y M:44173i0jgh@mail.com]",""
"passed","Thu Aug 13 17:45:56 MSK 2020","Thu Aug 13 17:46:02 MSK 2020","6864","test","test_add_contact","","","","test_add_contact[None:FDeTpWl:dZwepn:nldgqReoZAXvfCYwA:ZAq^a:TEIvfeKBasmI:UC}muaf+]cigyE]&v]R-=5^DXdyF* XF;Yihgug9s:63j7a03997@mail.com]",""
"passed","Thu Aug 13 17:45:28 MSK 2020","Thu Aug 13 17:45:35 MSK 2020","7007","test","test_add_contact","","","","test_add_contact[None:PAsaSNBviIAf:XfdSirjunviHFCHfmAu:ydNvOHiCZ:-z#Gq:yIjG:sHy[ O`Eh&z2 XJu:85h42c935i@gmail.com]",""
"broken","Thu Aug 13 17:48:22 MSK 2020","Thu Aug 13 17:48:23 MSK 2020","1595","test","test_remove_contact_from_group","","","","test_remove_some_contact_from_group",""
"passed","Thu Aug 13 17:46:22 MSK 2020","Thu Aug 13 17:46:25 MSK 2020","2705","test","test_add_group","","","","test_add_group[None:name#iM;headerU]LN V&poM;footerQkZ]",""
"passed","Thu Aug 13 17:46:07 MSK 2020","Thu Aug 13 17:46:09 MSK 2020","1976","test","test_add_group","","","","test_add_group[None:name!;headerS#DeFeLP%.@I;footerw} ]",""
"passed","Thu Aug 13 17:46:09 MSK 2020","Thu Aug 13 17:46:11 MSK 2020","1676","test","test_add_group","","","","test_add_group[None:nameoK;header eV H Psd4#o$;footerDWX""r1-_OQz]",""
"failed","Thu Aug 13 17:46:20 MSK 2020","Thu Aug 13 17:46:22 MSK 2020","2211","test","test_add_group","","","","test_add_group[None:name%j;headermy!nsRLH?I Yv7RP'h;footerX94y.9<Lqd9_%dFw]",""
"passed","Thu Aug 13 17:47:27 MSK 2020","Thu Aug 13 17:48:00 MSK 2020","32529","test","test_contact_data","","","","test_contact_data_on_view_page",""
"passed","Thu Aug 13 17:46:04 MSK 2020","Thu Aug 13 17:46:06 MSK 2020","2154","test","test_add_group","","","","test_add_group[None:;;]",""
"passed","Thu Aug 13 17:46:25 MSK 2020","Thu Aug 13 17:46:31 MSK 2020","6117","test","test_contact_data","","","","test_phones_on_home_page",""
