{
  "uid" : "ab17fc5a4eb3bca4b216b548c7f9fcbc",
  "name" : "timeline",
  "children" : [ {
    "name" : "spbnb-prc1458",
    "children" : [ {
      "name" : "18816-MainThread",
      "children" : [ {
        "name" : "test_add_contact[None:llcftXTFXlS:gitFeP:Wu:_UmQ:BauQnb:!p}v@*h.n=M@b:q}y M:44173i0jgh@mail.com]",
        "uid" : "45ccad0cb5a77ada",
        "parentUid" : "6e295e36f0034ac383d88ba2d2a7330b",
        "status" : "passed",
        "time" : {
          "start" : 1597329949099,
          "stop" : 1597329955470,
          "duration" : 6371
        },
        "flaky" : false,
        "newFailed" : false,
        "parameters" : [ "None:llcftXTFXlS:gitFeP:Wu:_UmQ:BauQnb:!p}v@*h.n=M@b:q}y M:44173i0jgh@mail.com" ]
      }, {
        "name" : "test_add_contact[None:PAsaSNBviIAf:XfdSirjunviHFCHfmAu:ydNvOHiCZ:-z#Gq:yIjG:sHy[ O`Eh&z2 XJu:85h42c935i@gmail.com]",
        "uid" : "64bc0314d4014e6",
        "parentUid" : "6e295e36f0034ac383d88ba2d2a7330b",
        "status" : "passed",
        "time" : {
          "start" : 1597329928427,
          "stop" : 1597329935434,
          "duration" : 7007
        },
        "flaky" : false,
        "newFailed" : false,
        "parameters" : [ "None:PAsaSNBviIAf:XfdSirjunviHFCHfmAu:ydNvOHiCZ:-z#Gq:yIjG:sHy[ O`Eh&z2 XJu:85h42c935i@gmail.com" ]
      }, {
        "name" : "test_delete_some_contact",
        "uid" : "29d4ec15ce2e4ebc",
        "parentUid" : "6e295e36f0034ac383d88ba2d2a7330b",
        "status" : "passed",
        "time" : {
          "start" : 1597330080477,
          "stop" : 1597330083706,
          "duration" : 3229
        },
        "flaky" : false,
        "newFailed" : false,
        "parameters" : [ ]
      }, {
        "name" : "test_add_group[None:;;]",
        "uid" : "90317bdbc14b7eeb",
        "parentUid" : "6e295e36f0034ac383d88ba2d2a7330b",
        "status" : "passed",
        "time" : {
          "start" : 1597329964837,
          "stop" : 1597329966991,
          "duration" : 2154
        },
        "flaky" : false,
        "newFailed" : false,
        "parameters" : [ "None:;;" ]
      }, {
        "name" : "test_phones_on_contact_view_page",
        "uid" : "fffc367c6074819",
        "parentUid" : "6e295e36f0034ac383d88ba2d2a7330b",
        "status" : "passed",
        "time" : {
          "start" : 1597329991931,
          "stop" : 1597329993980,
          "duration" : 2049
        },
        "flaky" : false,
        "newFailed" : false,
        "parameters" : [ ]
      }, {
        "name" : "test_delete_some_group",
        "uid" : "d89b53d044753da0",
        "parentUid" : "6e295e36f0034ac383d88ba2d2a7330b",
        "status" : "passed",
        "time" : {
          "start" : 1597330084308,
          "stop" : 1597330085012,
          "duration" : 704
        },
        "flaky" : false,
        "newFailed" : false,
        "parameters" : [ ]
      }, {
        "name" : "test_add_group[None:nameoK;header eV H Psd4#o$;footerDWX\"r1-_OQz]",
        "uid" : "f868e3bfad51195e",
        "parentUid" : "6e295e36f0034ac383d88ba2d2a7330b",
        "status" : "passed",
        "time" : {
          "start" : 1597329969414,
          "stop" : 1597329971090,
          "duration" : 1676
        },
        "flaky" : false,
        "newFailed" : false,
        "parameters" : [ "None:nameoK;header eV H Psd4#o$;footerDWX\"r1-_OQz" ]
      }, {
        "name" : "test_add_contact[None:FDeTpWl:dZwepn:nldgqReoZAXvfCYwA:ZAq^a:TEIvfeKBasmI:UC}muaf+]cigyE]&v]R-=5^DXdyF* XF;Yihgug9s:63j7a03997@mail.com]",
        "uid" : "6a94a0cc8f2269",
        "parentUid" : "6e295e36f0034ac383d88ba2d2a7330b",
        "status" : "passed",
        "time" : {
          "start" : 1597329956120,
          "stop" : 1597329962984,
          "duration" : 6864
        },
        "flaky" : false,
        "newFailed" : false,
        "parameters" : [ "None:FDeTpWl:dZwepn:nldgqReoZAXvfCYwA:ZAq^a:TEIvfeKBasmI:UC}muaf+]cigyE]&v]R-=5^DXdyF* XF;Yihgug9s:63j7a03997@mail.com" ]
      }, {
        "name" : "test_add_contact[None:ea:XHCbhMhKpPlWHyQXY:yAFf::AfFGIcceuVwpc:|LS@:d0j5e2886i@gmail.com]",
        "uid" : "24917b43dee0f015",
        "parentUid" : "6e295e36f0034ac383d88ba2d2a7330b",
        "status" : "passed",
        "time" : {
          "start" : 1597329936193,
          "stop" : 1597329942727,
          "duration" : 6534
        },
        "flaky" : false,
        "newFailed" : false,
        "parameters" : [ "None:ea:XHCbhMhKpPlWHyQXY:yAFf::AfFGIcceuVwpc:|LS@:d0j5e2886i@gmail.com" ]
      }, {
        "name" : "test_remove_some_contact_from_group",
        "uid" : "6515fd10e0f1413e",
        "parentUid" : "6e295e36f0034ac383d88ba2d2a7330b",
        "status" : "broken",
        "time" : {
          "start" : 1597330102343,
          "stop" : 1597330103938,
          "duration" : 1595
        },
        "flaky" : false,
        "newFailed" : false,
        "parameters" : [ ]
      }, {
        "name" : "test_add_group[None:name%j;headermy!nsRLH?I Yv7RP'h;footerX94y.9<Lqd9_%dFw]",
        "uid" : "3662deffc1acdb36",
        "parentUid" : "6e295e36f0034ac383d88ba2d2a7330b",
        "status" : "failed",
        "time" : {
          "start" : 1597329980320,
          "stop" : 1597329982531,
          "duration" : 2211
        },
        "flaky" : false,
        "newFailed" : false,
        "parameters" : [ "None:name%j;headermy!nsRLH?I Yv7RP'h;footerX94y.9<Lqd9_%dFw" ]
      }, {
        "name" : "test_add_group[None:name#iM;headerU]LN V&poM;footerQkZ]",
        "uid" : "cecb0f7029bc4ffb",
        "parentUid" : "6e295e36f0034ac383d88ba2d2a7330b",
        "status" : "passed",
        "time" : {
          "start" : 1597329982762,
          "stop" : 1597329985467,
          "duration" : 2705
        },
        "flaky" : false,
        "newFailed" : false,
        "parameters" : [ "None:name#iM;headerU]LN V&poM;footerQkZ" ]
      }, {
        "name" : "test_edit_some_group_name",
        "uid" : "57686f51293dd200",
        "parentUid" : "6e295e36f0034ac383d88ba2d2a7330b",
        "status" : "passed",
        "time" : {
          "start" : 1597330095362,
          "stop" : 1597330100449,
          "duration" : 5087
        },
        "flaky" : false,
        "newFailed" : false,
        "parameters" : [ ]
      }, {
        "name" : "test_add_contact[None:aDbUF:oSP:OYxCVYgA:q40M,!:MGKRriKp:8V7[A$Rne;!brSy+.K-\\tZd$*t^(vx]mdW\\$1qbSB ku e68:7abd84i931@gmail.com]",
        "uid" : "b7e0d94acc537902",
        "parentUid" : "6e295e36f0034ac383d88ba2d2a7330b",
        "status" : "passed",
        "time" : {
          "start" : 1597329943155,
          "stop" : 1597329948680,
          "duration" : 5525
        },
        "flaky" : false,
        "newFailed" : false,
        "parameters" : [ "None:aDbUF:oSP:OYxCVYgA:q40M,!:MGKRriKp:8V7[A$Rne;!brSy+.K-\\tZd$*t^(vx]mdW\\$1qbSB ku e68:7abd84i931@gmail.com" ]
      }, {
        "name" : "test_add_some_contact_to_group",
        "uid" : "a2e514a711204dd5",
        "parentUid" : "6e295e36f0034ac383d88ba2d2a7330b",
        "status" : "passed",
        "time" : {
          "start" : 1597329963807,
          "stop" : 1597329964745,
          "duration" : 938
        },
        "flaky" : false,
        "newFailed" : false,
        "parameters" : [ ]
      }, {
        "name" : "test_add_group[None:name!;headerS#DeFeLP%.@I;footerw} ]",
        "uid" : "fbe851fcfe91a826",
        "parentUid" : "6e295e36f0034ac383d88ba2d2a7330b",
        "status" : "passed",
        "time" : {
          "start" : 1597329967233,
          "stop" : 1597329969209,
          "duration" : 1976
        },
        "flaky" : false,
        "newFailed" : false,
        "parameters" : [ "None:name!;headerS#DeFeLP%.@I;footerw} " ]
      }, {
        "name" : "test_contact_data_on_home_page",
        "uid" : "50d9b807f288aaf0",
        "parentUid" : "6e295e36f0034ac383d88ba2d2a7330b",
        "status" : "passed",
        "time" : {
          "start" : 1597329994135,
          "stop" : 1597329994144,
          "duration" : 9
        },
        "flaky" : false,
        "newFailed" : false,
        "parameters" : [ ]
      }, {
        "name" : "test_edit_some_contact",
        "uid" : "fb7f6f9a804e8c32",
        "parentUid" : "6e295e36f0034ac383d88ba2d2a7330b",
        "status" : "passed",
        "time" : {
          "start" : 1597330085127,
          "stop" : 1597330093951,
          "duration" : 8824
        },
        "flaky" : false,
        "newFailed" : false,
        "parameters" : [ ]
      }, {
        "name" : "test_add_group[None:nameJX#HXK *;header0/bgR XW~;footerkb]",
        "uid" : "681e14a8ea64b6ed",
        "parentUid" : "6e295e36f0034ac383d88ba2d2a7330b",
        "status" : "passed",
        "time" : {
          "start" : 1597329977696,
          "stop" : 1597329980129,
          "duration" : 2433
        },
        "flaky" : false,
        "newFailed" : false,
        "parameters" : [ "None:nameJX#HXK *;header0/bgR XW~;footerkb" ]
      }, {
        "name" : "test_add_group[None:nameqzVj3d@G;header /~! [zoVA;footerg}F.3 &6`)^,xM7T]",
        "uid" : "caf7a7df671e556b",
        "parentUid" : "6e295e36f0034ac383d88ba2d2a7330b",
        "status" : "passed",
        "time" : {
          "start" : 1597329971212,
          "stop" : 1597329973429,
          "duration" : 2217
        },
        "flaky" : false,
        "newFailed" : false,
        "parameters" : [ "None:nameqzVj3d@G;header /~! [zoVA;footerg}F.3 &6`)^,xM7T" ]
      }, {
        "name" : "test_add_group[None:name2I&Leqo`';headeroLmBZ7J;footerrV]",
        "uid" : "fad99c87eccc3893",
        "parentUid" : "6e295e36f0034ac383d88ba2d2a7330b",
        "status" : "failed",
        "time" : {
          "start" : 1597329973938,
          "stop" : 1597329977272,
          "duration" : 3334
        },
        "flaky" : false,
        "newFailed" : false,
        "parameters" : [ "None:name2I&Leqo`';headeroLmBZ7J;footerrV" ]
      }, {
        "name" : "test_contact_data_on_view_page",
        "uid" : "42cafa22dbd74c2a",
        "parentUid" : "6e295e36f0034ac383d88ba2d2a7330b",
        "status" : "passed",
        "time" : {
          "start" : 1597330047857,
          "stop" : 1597330080386,
          "duration" : 32529
        },
        "flaky" : false,
        "newFailed" : false,
        "parameters" : [ ]
      }, {
        "name" : "test_contact_data_on_edit_page",
        "uid" : "e3507b5e01d28866",
        "parentUid" : "6e295e36f0034ac383d88ba2d2a7330b",
        "status" : "passed",
        "time" : {
          "start" : 1597329994353,
          "stop" : 1597330047771,
          "duration" : 53418
        },
        "flaky" : false,
        "newFailed" : false,
        "parameters" : [ ]
      }, {
        "name" : "test_phones_on_home_page",
        "uid" : "268daadadae5fcce",
        "parentUid" : "6e295e36f0034ac383d88ba2d2a7330b",
        "status" : "passed",
        "time" : {
          "start" : 1597329985645,
          "stop" : 1597329991762,
          "duration" : 6117
        },
        "flaky" : false,
        "newFailed" : false,
        "parameters" : [ ]
      } ],
      "uid" : "6e295e36f0034ac383d88ba2d2a7330b"
    }, {
      "name" : "11052-MainThread",
      "children" : [ {
        "name" : "test_contact_data_on_home_page",
        "uid" : "11e568a19db17745",
        "parentUid" : "062a65f8368c4aff1f3b665bed9b4fa9",
        "status" : "passed",
        "time" : {
          "start" : 1597328727993,
          "stop" : 1597328727996,
          "duration" : 3
        },
        "flaky" : false,
        "newFailed" : false,
        "parameters" : [ ]
      }, {
        "name" : "test_add_contact[None:PAsaSNBviIAf:XfdSirjunviHFCHfmAu:ydNvOHiCZ:-z#Gq:yIjG:sHy[ O`Eh&z2 XJu:85h42c935i@gmail.com]",
        "uid" : "a0a2a5181fd7a6d7",
        "parentUid" : "062a65f8368c4aff1f3b665bed9b4fa9",
        "status" : "passed",
        "time" : {
          "start" : 1597328679370,
          "stop" : 1597328685366,
          "duration" : 5996
        },
        "flaky" : false,
        "newFailed" : false,
        "parameters" : [ "None:PAsaSNBviIAf:XfdSirjunviHFCHfmAu:ydNvOHiCZ:-z#Gq:yIjG:sHy[ O`Eh&z2 XJu:85h42c935i@gmail.com" ]
      }, {
        "name" : "test_contact_data_on_edit_page",
        "uid" : "22b7d7dc844bab04",
        "parentUid" : "062a65f8368c4aff1f3b665bed9b4fa9",
        "status" : "passed",
        "time" : {
          "start" : 1597328728055,
          "stop" : 1597328761738,
          "duration" : 33683
        },
        "flaky" : false,
        "newFailed" : false,
        "parameters" : [ ]
      }, {
        "name" : "test_add_group[None:name2I&Leqo`';headeroLmBZ7J;footerrV]",
        "uid" : "1ddf9c24448b8e7a",
        "parentUid" : "062a65f8368c4aff1f3b665bed9b4fa9",
        "status" : "failed",
        "time" : {
          "start" : 1597328717290,
          "stop" : 1597328718747,
          "duration" : 1457
        },
        "flaky" : false,
        "newFailed" : false,
        "parameters" : [ "None:name2I&Leqo`';headeroLmBZ7J;footerrV" ]
      }, {
        "name" : "test_phones_on_contact_view_page",
        "uid" : "daef6befe2130c83",
        "parentUid" : "062a65f8368c4aff1f3b665bed9b4fa9",
        "status" : "passed",
        "time" : {
          "start" : 1597328727013,
          "stop" : 1597328727931,
          "duration" : 918
        },
        "flaky" : false,
        "newFailed" : false,
        "parameters" : [ ]
      }, {
        "name" : "test_contact_data_on_view_page",
        "uid" : "f26bf110d1740e8c",
        "parentUid" : "062a65f8368c4aff1f3b665bed9b4fa9",
        "status" : "passed",
        "time" : {
          "start" : 1597328761815,
          "stop" : 1597328786493,
          "duration" : 24678
        },
        "flaky" : false,
        "newFailed" : false,
        "parameters" : [ ]
      }, {
        "name" : "test_add_group[None:name#iM;headerU]LN V&poM;footerQkZ]",
        "uid" : "94a2b4af542e4358",
        "parentUid" : "062a65f8368c4aff1f3b665bed9b4fa9",
        "status" : "passed",
        "time" : {
          "start" : 1597328721938,
          "stop" : 1597328723815,
          "duration" : 1877
        },
        "flaky" : false,
        "newFailed" : false,
        "parameters" : [ "None:name#iM;headerU]LN V&poM;footerQkZ" ]
      }, {
        "name" : "test_add_group[None:name!;headerS#DeFeLP%.@I;footerw} ]",
        "uid" : "8439c51e3b66ed84",
        "parentUid" : "062a65f8368c4aff1f3b665bed9b4fa9",
        "status" : "passed",
        "time" : {
          "start" : 1597328712834,
          "stop" : 1597328714091,
          "duration" : 1257
        },
        "flaky" : false,
        "newFailed" : false,
        "parameters" : [ "None:name!;headerS#DeFeLP%.@I;footerw} " ]
      }, {
        "name" : "test_add_some_contact_to_group",
        "uid" : "70cb773973b9b052",
        "parentUid" : "062a65f8368c4aff1f3b665bed9b4fa9",
        "status" : "passed",
        "time" : {
          "start" : 1597328710518,
          "stop" : 1597328711407,
          "duration" : 889
        },
        "flaky" : false,
        "newFailed" : false,
        "parameters" : [ ]
      }, {
        "name" : "test_add_contact[None:aDbUF:oSP:OYxCVYgA:q40M,!:MGKRriKp:8V7[A$Rne;!brSy+.K-\\tZd$*t^(vx]mdW\\$1qbSB ku e68:7abd84i931@gmail.com]",
        "uid" : "77d7d07681d4db1d",
        "parentUid" : "062a65f8368c4aff1f3b665bed9b4fa9",
        "status" : "passed",
        "time" : {
          "start" : 1597328692507,
          "stop" : 1597328698236,
          "duration" : 5729
        },
        "flaky" : false,
        "newFailed" : false,
        "parameters" : [ "None:aDbUF:oSP:OYxCVYgA:q40M,!:MGKRriKp:8V7[A$Rne;!brSy+.K-\\tZd$*t^(vx]mdW\\$1qbSB ku e68:7abd84i931@gmail.com" ]
      }, {
        "name" : "test_add_group[None:nameoK;header eV H Psd4#o$;footerDWX\"r1-_OQz]",
        "uid" : "feb3995dfaebd01d",
        "parentUid" : "062a65f8368c4aff1f3b665bed9b4fa9",
        "status" : "passed",
        "time" : {
          "start" : 1597328714168,
          "stop" : 1597328715491,
          "duration" : 1323
        },
        "flaky" : false,
        "newFailed" : false,
        "parameters" : [ "None:nameoK;header eV H Psd4#o$;footerDWX\"r1-_OQz" ]
      }, {
        "name" : "test_phones_on_home_page",
        "uid" : "370d17ced35f3604",
        "parentUid" : "062a65f8368c4aff1f3b665bed9b4fa9",
        "status" : "passed",
        "time" : {
          "start" : 1597328723927,
          "stop" : 1597328726944,
          "duration" : 3017
        },
        "flaky" : false,
        "newFailed" : false,
        "parameters" : [ ]
      }, {
        "name" : "test_delete_some_group",
        "uid" : "a0e6e38325e9c9e7",
        "parentUid" : "062a65f8368c4aff1f3b665bed9b4fa9",
        "status" : "passed",
        "time" : {
          "start" : 1597328789921,
          "stop" : 1597328790700,
          "duration" : 779
        },
        "flaky" : false,
        "newFailed" : false,
        "parameters" : [ ]
      }, {
        "name" : "test_edit_some_group_name",
        "uid" : "ffe4575fdfb991f6",
        "parentUid" : "062a65f8368c4aff1f3b665bed9b4fa9",
        "status" : "passed",
        "time" : {
          "start" : 1597328798406,
          "stop" : 1597328800558,
          "duration" : 2152
        },
        "flaky" : false,
        "newFailed" : false,
        "parameters" : [ ]
      }, {
        "name" : "test_add_group[None:nameqzVj3d@G;header /~! [zoVA;footerg}F.3 &6`)^,xM7T]",
        "uid" : "fea8623d8f29551d",
        "parentUid" : "062a65f8368c4aff1f3b665bed9b4fa9",
        "status" : "passed",
        "time" : {
          "start" : 1597328715578,
          "stop" : 1597328717188,
          "duration" : 1610
        },
        "flaky" : false,
        "newFailed" : false,
        "parameters" : [ "None:nameqzVj3d@G;header /~! [zoVA;footerg}F.3 &6`)^,xM7T" ]
      }, {
        "name" : "test_delete_some_contact",
        "uid" : "baa7b43d4cab500a",
        "parentUid" : "062a65f8368c4aff1f3b665bed9b4fa9",
        "status" : "passed",
        "time" : {
          "start" : 1597328786573,
          "stop" : 1597328789377,
          "duration" : 2804
        },
        "flaky" : false,
        "newFailed" : false,
        "parameters" : [ ]
      }, {
        "name" : "test_add_group[None:name%j;headermy!nsRLH?I Yv7RP'h;footerX94y.9<Lqd9_%dFw]",
        "uid" : "343c4bf290008482",
        "parentUid" : "062a65f8368c4aff1f3b665bed9b4fa9",
        "status" : "failed",
        "time" : {
          "start" : 1597328720402,
          "stop" : 1597328721845,
          "duration" : 1443
        },
        "flaky" : false,
        "newFailed" : false,
        "parameters" : [ "None:name%j;headermy!nsRLH?I Yv7RP'h;footerX94y.9<Lqd9_%dFw" ]
      }, {
        "name" : "test_edit_some_contact",
        "uid" : "d464a1ecf50f32af",
        "parentUid" : "062a65f8368c4aff1f3b665bed9b4fa9",
        "status" : "passed",
        "time" : {
          "start" : 1597328790809,
          "stop" : 1597328797909,
          "duration" : 7100
        },
        "flaky" : false,
        "newFailed" : false,
        "parameters" : [ ]
      }, {
        "name" : "test_remove_some_contact_from_group",
        "uid" : "ef7e5acc16c7f5fd",
        "parentUid" : "062a65f8368c4aff1f3b665bed9b4fa9",
        "status" : "broken",
        "time" : {
          "start" : 1597328801145,
          "stop" : 1597328802371,
          "duration" : 1226
        },
        "flaky" : false,
        "newFailed" : false,
        "parameters" : [ ]
      }, {
        "name" : "test_add_contact[None:llcftXTFXlS:gitFeP:Wu:_UmQ:BauQnb:!p}v@*h.n=M@b:q}y M:44173i0jgh@mail.com]",
        "uid" : "526278c9b9abcf0d",
        "parentUid" : "062a65f8368c4aff1f3b665bed9b4fa9",
        "status" : "passed",
        "time" : {
          "start" : 1597328698688,
          "stop" : 1597328704104,
          "duration" : 5416
        },
        "flaky" : false,
        "newFailed" : false,
        "parameters" : [ "None:llcftXTFXlS:gitFeP:Wu:_UmQ:BauQnb:!p}v@*h.n=M@b:q}y M:44173i0jgh@mail.com" ]
      }, {
        "name" : "test_add_group[None:;;]",
        "uid" : "6c98ecc12d48eafd",
        "parentUid" : "062a65f8368c4aff1f3b665bed9b4fa9",
        "status" : "passed",
        "time" : {
          "start" : 1597328711470,
          "stop" : 1597328712773,
          "duration" : 1303
        },
        "flaky" : false,
        "newFailed" : false,
        "parameters" : [ "None:;;" ]
      }, {
        "name" : "test_add_contact[None:FDeTpWl:dZwepn:nldgqReoZAXvfCYwA:ZAq^a:TEIvfeKBasmI:UC}muaf+]cigyE]&v]R-=5^DXdyF* XF;Yihgug9s:63j7a03997@mail.com]",
        "uid" : "288a71786ea7d813",
        "parentUid" : "062a65f8368c4aff1f3b665bed9b4fa9",
        "status" : "passed",
        "time" : {
          "start" : 1597328704568,
          "stop" : 1597328710053,
          "duration" : 5485
        },
        "flaky" : false,
        "newFailed" : false,
        "parameters" : [ "None:FDeTpWl:dZwepn:nldgqReoZAXvfCYwA:ZAq^a:TEIvfeKBasmI:UC}muaf+]cigyE]&v]R-=5^DXdyF* XF;Yihgug9s:63j7a03997@mail.com" ]
      }, {
        "name" : "test_add_group[None:nameJX#HXK *;header0/bgR XW~;footerkb]",
        "uid" : "79b463fbdeb7d88c",
        "parentUid" : "062a65f8368c4aff1f3b665bed9b4fa9",
        "status" : "passed",
        "time" : {
          "start" : 1597328718926,
          "stop" : 1597328720328,
          "duration" : 1402
        },
        "flaky" : false,
        "newFailed" : false,
        "parameters" : [ "None:nameJX#HXK *;header0/bgR XW~;footerkb" ]
      }, {
        "name" : "test_add_contact[None:ea:XHCbhMhKpPlWHyQXY:yAFf::AfFGIcceuVwpc:|LS@:d0j5e2886i@gmail.com]",
        "uid" : "5cd464f3907ada8d",
        "parentUid" : "062a65f8368c4aff1f3b665bed9b4fa9",
        "status" : "passed",
        "time" : {
          "start" : 1597328685826,
          "stop" : 1597328691973,
          "duration" : 6147
        },
        "flaky" : false,
        "newFailed" : false,
        "parameters" : [ "None:ea:XHCbhMhKpPlWHyQXY:yAFf::AfFGIcceuVwpc:|LS@:d0j5e2886i@gmail.com" ]
      } ],
      "uid" : "062a65f8368c4aff1f3b665bed9b4fa9"
    }, {
      "name" : "18288-MainThread",
      "children" : [ {
        "name" : "test_add_group[None:nameoK;header eV H Psd4#o$;footerDWX\"r1-_OQz]",
        "uid" : "145f807db8c63a8c",
        "parentUid" : "764eb7e25a7bc9c1bb3f5e8a7d6e921b",
        "status" : "passed",
        "time" : {
          "start" : 1597328382346,
          "stop" : 1597328383855,
          "duration" : 1509
        },
        "flaky" : false,
        "newFailed" : false,
        "parameters" : [ "None:nameoK;header eV H Psd4#o$;footerDWX\"r1-_OQz" ]
      }, {
        "name" : "test_add_group[None:name2I&Leqo`';headeroLmBZ7J;footerrV]",
        "uid" : "f4ff765cbe8ef712",
        "parentUid" : "764eb7e25a7bc9c1bb3f5e8a7d6e921b",
        "status" : "failed",
        "time" : {
          "start" : 1597328385570,
          "stop" : 1597328387361,
          "duration" : 1791
        },
        "flaky" : false,
        "newFailed" : false,
        "parameters" : [ "None:name2I&Leqo`';headeroLmBZ7J;footerrV" ]
      }, {
        "name" : "test_add_group[None:name!;headerS#DeFeLP%.@I;footerw} ]",
        "uid" : "b3f96d168bcc0d59",
        "parentUid" : "764eb7e25a7bc9c1bb3f5e8a7d6e921b",
        "status" : "passed",
        "time" : {
          "start" : 1597328380587,
          "stop" : 1597328382223,
          "duration" : 1636
        },
        "flaky" : false,
        "newFailed" : false,
        "parameters" : [ "None:name!;headerS#DeFeLP%.@I;footerw} " ]
      }, {
        "name" : "test_add_group[None:;;]",
        "uid" : "8bd899d08cace41b",
        "parentUid" : "764eb7e25a7bc9c1bb3f5e8a7d6e921b",
        "status" : "passed",
        "time" : {
          "start" : 1597328378564,
          "stop" : 1597328380469,
          "duration" : 1905
        },
        "flaky" : false,
        "newFailed" : false,
        "parameters" : [ "None:;;" ]
      }, {
        "name" : "test_add_group[None:nameJX#HXK *;header0/bgR XW~;footerkb]",
        "uid" : "67ee42c84e6d1a6d",
        "parentUid" : "764eb7e25a7bc9c1bb3f5e8a7d6e921b",
        "status" : "passed",
        "time" : {
          "start" : 1597328387637,
          "stop" : 1597328389374,
          "duration" : 1737
        },
        "flaky" : false,
        "newFailed" : false,
        "parameters" : [ "None:nameJX#HXK *;header0/bgR XW~;footerkb" ]
      }, {
        "name" : "test_add_group[None:name#iM;headerU]LN V&poM;footerQkZ]",
        "uid" : "d9afee3e7ea26271",
        "parentUid" : "764eb7e25a7bc9c1bb3f5e8a7d6e921b",
        "status" : "passed",
        "time" : {
          "start" : 1597328391295,
          "stop" : 1597328392718,
          "duration" : 1423
        },
        "flaky" : false,
        "newFailed" : false,
        "parameters" : [ "None:name#iM;headerU]LN V&poM;footerQkZ" ]
      }, {
        "name" : "test_add_group[None:name%j;headermy!nsRLH?I Yv7RP'h;footerX94y.9<Lqd9_%dFw]",
        "uid" : "839bd7a662b026ee",
        "parentUid" : "764eb7e25a7bc9c1bb3f5e8a7d6e921b",
        "status" : "failed",
        "time" : {
          "start" : 1597328389486,
          "stop" : 1597328391183,
          "duration" : 1697
        },
        "flaky" : false,
        "newFailed" : false,
        "parameters" : [ "None:name%j;headermy!nsRLH?I Yv7RP'h;footerX94y.9<Lqd9_%dFw" ]
      }, {
        "name" : "test_add_group[None:nameqzVj3d@G;header /~! [zoVA;footerg}F.3 &6`)^,xM7T]",
        "uid" : "94f19ba3076fe15c",
        "parentUid" : "764eb7e25a7bc9c1bb3f5e8a7d6e921b",
        "status" : "passed",
        "time" : {
          "start" : 1597328383942,
          "stop" : 1597328385452,
          "duration" : 1510
        },
        "flaky" : false,
        "newFailed" : false,
        "parameters" : [ "None:nameqzVj3d@G;header /~! [zoVA;footerg}F.3 &6`)^,xM7T" ]
      } ],
      "uid" : "764eb7e25a7bc9c1bb3f5e8a7d6e921b"
    } ],
    "uid" : "3a82d603837113bec1352955c291cb8e"
  } ]
}