{
  "total" : 2,
  "items" : [ {
    "uid" : "8fb3a91ba5aaf9de24cc8a92edc82b5d",
    "name" : "Product defects",
    "statistic" : {
      "failed" : 2,
      "broken" : 0,
      "skipped" : 0,
      "passed" : 0,
      "unknown" : 0,
      "total" : 2
    }
  }, {
    "uid" : "bdbf199525818fae7a8651db9eafe741",
    "name" : "Test defects",
    "statistic" : {
      "failed" : 0,
      "broken" : 1,
      "skipped" : 0,
      "passed" : 0,
      "unknown" : 0,
      "total" : 1
    }
  } ]
}