[ {
  "uid" : "fffc367c6074819",
  "name" : "test_phones_on_contact_view_page",
  "time" : {
    "start" : 1597329991931,
    "stop" : 1597329993980,
    "duration" : 2049
  },
  "status" : "passed",
  "severity" : "normal"
}, {
  "uid" : "a2e514a711204dd5",
  "name" : "test_add_some_contact_to_group",
  "time" : {
    "start" : 1597329963807,
    "stop" : 1597329964745,
    "duration" : 938
  },
  "status" : "passed",
  "severity" : "normal"
}, {
  "uid" : "caf7a7df671e556b",
  "name" : "test_add_group[None:nameqzVj3d@G;header /~! [zoVA;footerg}F.3 &6`)^,xM7T]",
  "time" : {
    "start" : 1597329971212,
    "stop" : 1597329973429,
    "duration" : 2217
  },
  "status" : "passed",
  "severity" : "normal"
}, {
  "uid" : "e3507b5e01d28866",
  "name" : "test_contact_data_on_edit_page",
  "time" : {
    "start" : 1597329994353,
    "stop" : 1597330047771,
    "duration" : 53418
  },
  "status" : "passed",
  "severity" : "normal"
}, {
  "uid" : "50d9b807f288aaf0",
  "name" : "test_contact_data_on_home_page",
  "time" : {
    "start" : 1597329994135,
    "stop" : 1597329994144,
    "duration" : 9
  },
  "status" : "passed",
  "severity" : "normal"
}, {
  "uid" : "fad99c87eccc3893",
  "name" : "test_add_group[None:name2I&Leqo`';headeroLmBZ7J;footerrV]",
  "time" : {
    "start" : 1597329973938,
    "stop" : 1597329977272,
    "duration" : 3334
  },
  "status" : "failed",
  "severity" : "normal"
}, {
  "uid" : "57686f51293dd200",
  "name" : "test_edit_some_group_name",
  "time" : {
    "start" : 1597330095362,
    "stop" : 1597330100449,
    "duration" : 5087
  },
  "status" : "passed",
  "severity" : "normal"
}, {
  "uid" : "d89b53d044753da0",
  "name" : "test_delete_some_group",
  "time" : {
    "start" : 1597330084308,
    "stop" : 1597330085012,
    "duration" : 704
  },
  "status" : "passed",
  "severity" : "normal"
}, {
  "uid" : "24917b43dee0f015",
  "name" : "test_add_contact[None:ea:XHCbhMhKpPlWHyQXY:yAFf::AfFGIcceuVwpc:|LS@:d0j5e2886i@gmail.com]",
  "time" : {
    "start" : 1597329936193,
    "stop" : 1597329942727,
    "duration" : 6534
  },
  "status" : "passed",
  "severity" : "normal"
}, {
  "uid" : "fb7f6f9a804e8c32",
  "name" : "test_edit_some_contact",
  "time" : {
    "start" : 1597330085127,
    "stop" : 1597330093951,
    "duration" : 8824
  },
  "status" : "passed",
  "severity" : "normal"
}, {
  "uid" : "29d4ec15ce2e4ebc",
  "name" : "test_delete_some_contact",
  "time" : {
    "start" : 1597330080477,
    "stop" : 1597330083706,
    "duration" : 3229
  },
  "status" : "passed",
  "severity" : "normal"
}, {
  "uid" : "b7e0d94acc537902",
  "name" : "test_add_contact[None:aDbUF:oSP:OYxCVYgA:q40M,!:MGKRriKp:8V7[A$Rne;!brSy+.K-\\tZd$*t^(vx]mdW\\$1qbSB ku e68:7abd84i931@gmail.com]",
  "time" : {
    "start" : 1597329943155,
    "stop" : 1597329948680,
    "duration" : 5525
  },
  "status" : "passed",
  "severity" : "normal"
}, {
  "uid" : "681e14a8ea64b6ed",
  "name" : "test_add_group[None:nameJX#HXK *;header0/bgR XW~;footerkb]",
  "time" : {
    "start" : 1597329977696,
    "stop" : 1597329980129,
    "duration" : 2433
  },
  "status" : "passed",
  "severity" : "normal"
}, {
  "uid" : "45ccad0cb5a77ada",
  "name" : "test_add_contact[None:llcftXTFXlS:gitFeP:Wu:_UmQ:BauQnb:!p}v@*h.n=M@b:q}y M:44173i0jgh@mail.com]",
  "time" : {
    "start" : 1597329949099,
    "stop" : 1597329955470,
    "duration" : 6371
  },
  "status" : "passed",
  "severity" : "normal"
}, {
  "uid" : "6a94a0cc8f2269",
  "name" : "test_add_contact[None:FDeTpWl:dZwepn:nldgqReoZAXvfCYwA:ZAq^a:TEIvfeKBasmI:UC}muaf+]cigyE]&v]R-=5^DXdyF* XF;Yihgug9s:63j7a03997@mail.com]",
  "time" : {
    "start" : 1597329956120,
    "stop" : 1597329962984,
    "duration" : 6864
  },
  "status" : "passed",
  "severity" : "normal"
}, {
  "uid" : "64bc0314d4014e6",
  "name" : "test_add_contact[None:PAsaSNBviIAf:XfdSirjunviHFCHfmAu:ydNvOHiCZ:-z#Gq:yIjG:sHy[ O`Eh&z2 XJu:85h42c935i@gmail.com]",
  "time" : {
    "start" : 1597329928427,
    "stop" : 1597329935434,
    "duration" : 7007
  },
  "status" : "passed",
  "severity" : "normal"
}, {
  "uid" : "6515fd10e0f1413e",
  "name" : "test_remove_some_contact_from_group",
  "time" : {
    "start" : 1597330102343,
    "stop" : 1597330103938,
    "duration" : 1595
  },
  "status" : "broken",
  "severity" : "normal"
}, {
  "uid" : "cecb0f7029bc4ffb",
  "name" : "test_add_group[None:name#iM;headerU]LN V&poM;footerQkZ]",
  "time" : {
    "start" : 1597329982762,
    "stop" : 1597329985467,
    "duration" : 2705
  },
  "status" : "passed",
  "severity" : "normal"
}, {
  "uid" : "fbe851fcfe91a826",
  "name" : "test_add_group[None:name!;headerS#DeFeLP%.@I;footerw} ]",
  "time" : {
    "start" : 1597329967233,
    "stop" : 1597329969209,
    "duration" : 1976
  },
  "status" : "passed",
  "severity" : "normal"
}, {
  "uid" : "f868e3bfad51195e",
  "name" : "test_add_group[None:nameoK;header eV H Psd4#o$;footerDWX\"r1-_OQz]",
  "time" : {
    "start" : 1597329969414,
    "stop" : 1597329971090,
    "duration" : 1676
  },
  "status" : "passed",
  "severity" : "normal"
}, {
  "uid" : "3662deffc1acdb36",
  "name" : "test_add_group[None:name%j;headermy!nsRLH?I Yv7RP'h;footerX94y.9<Lqd9_%dFw]",
  "time" : {
    "start" : 1597329980320,
    "stop" : 1597329982531,
    "duration" : 2211
  },
  "status" : "failed",
  "severity" : "normal"
}, {
  "uid" : "42cafa22dbd74c2a",
  "name" : "test_contact_data_on_view_page",
  "time" : {
    "start" : 1597330047857,
    "stop" : 1597330080386,
    "duration" : 32529
  },
  "status" : "passed",
  "severity" : "normal"
}, {
  "uid" : "90317bdbc14b7eeb",
  "name" : "test_add_group[None:;;]",
  "time" : {
    "start" : 1597329964837,
    "stop" : 1597329966991,
    "duration" : 2154
  },
  "status" : "passed",
  "severity" : "normal"
}, {
  "uid" : "268daadadae5fcce",
  "name" : "test_phones_on_home_page",
  "time" : {
    "start" : 1597329985645,
    "stop" : 1597329991762,
    "duration" : 6117
  },
  "status" : "passed",
  "severity" : "normal"
} ]